name,category,city,state,website,phone,source,campaign
NY Sports and Spinal Physical Therapy,physical therapy sports orthopedic performance,Scarsdale,NY,https://nysspt.com,914-722-9200,verified public web,hbot_sports
Recoup Physical Therapy,physical therapy sports golf pelvic floor,Scarsdale,NY,https://www.recouppt.com,914-214-9220,verified public web,hbot_sports
Scarsdale Physical Therapy,physical therapy sports rehabilitation,Scarsdale,NY,https://www.scarsdalept.com,914-472-6686,verified public web,ortho_pt
Westchester Sports Physical Therapy,physical therapy sports medicine orthopedic,Scarsdale,NY,https://ivyrehab.com,914-722-2400,verified public business,hbot_sports
Hydrogen Fitness Scarsdale,gym fitness,Hartsdale,NY,https://www.hydrogenfitness.com,914-259-8520,verified public business,fitness
Spear Physical Therapy,physical therapy sports pelvic floor running,Scarsdale,NY,https://spearcenter.com,914-358-2915,verified public business,pelvic_floor
Quaker Ridge Golf Club,golf country club sports club,Scarsdale,NY,,914-725-1100,verified public business,clubs
SPORTIME Lake Isle / JMTA Westchester,tennis pickleball sports club,Eastchester,NY,,914-517-3190,verified public business,clubs
Lake Isle Country Club,golf tennis country club,Eastchester,NY,,914-961-3453,verified public business,clubs
PickleRage New Rochelle,pickleball golf sports club,New Rochelle,NY,,914-201-3414,verified public business,clubs
Court 16 Ridge Hill,tennis pickleball sports club,Yonkers,NY,,914-265-1193,verified public business,clubs
Ardsley Swim and Tennis Club,tennis swimming sports club,Scarsdale,NY,,914-693-5533,verified public business,clubs
